name,team,pos,adp,proj_points
Christian McCaffrey,SF,RB1,1,11.9
CeeDee Lamb,DAL,WR1,2.6,17.6
Tyreek Hill,MIA,WR2,3.2,12.8
Bijan Robinson,ATL,RB2,5,20.1
Breece Hall,NYJ,RB3,5.4,15.1
Amon-Ra St. Brown,DET,WR3,6.2,18.6
Ja'Marr Chase,CIN,WR4,6.6,23.7
Justin Jefferson,MIN,WR5,7,18.7
Saquon Barkley,PHI,RB4,9.2,22.2
A.J. Brown,PHI,WR6,10.2,16.7
Jonathan Taylor,IND,RB5,10.4,17.5
Garrett Wilson,NYJ,WR7,12.4,14.8
Jahmyr Gibbs,DET,RB6,12.8,21.3
Puka Nacua,LAR,WR8,14.2,18.8
Kyren Williams,LAR,RB7,16,17
Marvin Harrison Jr.,ARI,WR9,16.8,11.6
Travis Etienne Jr.,JAC,RB8,17.4,8.7
Derrick Henry,BAL,RB9,18,19.8
Isiah Pacheco,KC,RB10,20.2,8.1
Davante Adams,LAR,WR10,22,17.2
Josh Allen,BUF,QB1,24.2,22.6
Travis Kelce,KC,TE1,25.2,12.2
Drake London,ATL,WR11,25.6,16.5
Chris Olave,NO,WR12,26.2,9.6
De'Von Achane,MIA,RB11,27.4,17.6
Josh Jacobs,GB,RB12,28.2,17.2
Nico Collins,HOU,WR13,28.2,17.6
Patrick Mahomes II,KC,QB2,29,18.4
James Cook,BUF,RB13,31,16.7
Mike Evans,TB,WR14,31.2,17.2
Jalen Hurts,PHI,QB3,31.2,21.3
Rachaad White,TB,RB14,31.6,12.5
Sam LaPorta,DET,TE2,31.8,10.9
Deebo Samuel Sr.,WAS,WR15,32,10.2
Brandon Aiyuk,SF,WR16,34,8.9
Michael Pittman Jr.,IND,WR17,34.6,10.4
Cooper Kupp,SEA,WR18,34.8,14.6
Lamar Jackson,BAL,QB4,37.2,25.6
Joe Mixon,HOU,RB15,38.6,17.2
Alvin Kamara,NO,RB16,39.6,18.9
DK Metcalf,PIT,WR19,41.2,12.7
Kenneth Walker III,SEA,RB17,41.4,16.5
Jaylen Waddle,MIA,WR20,42.6,9.3
Stefon Diggs,NE,WR21,43,15.2
DJ Moore,CHI,WR22,43.6,14
DeVonta Smith,PHI,WR23,44,15.3
Mark Andrews,BAL,TE3,45.8,11.1
Trey McBride,ARI,TE4,46.4,15.6
Malik Nabers,NYG,WR24,48.6,18.2
C.J. Stroud,HOU,QB5,48.6,13.7
Dalton Kincaid,BUF,TE5,53.6,7.8
James Conner,ARI,RB18,56,15.9
George Kittle,SF,TE6,56.6,15.8
Amari Cooper,,WR25,56.8,8.8
Anthony Richardson,IND,QB6,57.6,15.9
Aaron Jones Sr.,MIN,RB19,59.2,14.2
George Pickens,PIT,WR26,59.6,11.7
D'Andre Swift,CHI,RB20,60.6,12.6
Joe Burrow,CIN,QB7,61.8,22.5
David Montgomery,DET,RB21,61.8,15.8
Tee Higgins,CIN,WR27,62.2,18.5
Zay Flowers,BAL,WR28,63.2,12.3
Kyle Pitts,ATL,TE7,64.2,7.7
Tank Dell,HU,WR29,65,10
Evan Engram,DEN,TE8,65,9.9
Zamir White,LV,RB22,66.6,3.7
Rhamondre Stevenson,NE,RB23,66.6,11.7
Rashee Rice,KC,WR30,67.6,16.2
Dak Prescott,DAL,QB8,68.4,15.6
Kyler Murray,ARI,QB9,70.2,18.1
Najee Harris,LAC,RB24,70.8,12
Jordan Love,GB,QB10,71.4,16.3
Terry McLaurin,WAS,WR31,71.6,15.8
Calvin Ridley,TEN,WR32,74.4,11.7
Raheem Mostert,LV,RB25,74.6,5.5
Christian Kirk,HU,WR33,74.6,8.9
Chris Godwin,TB,WR34,76.2,17.2
Keenan Allen,,WR35,79.4,12.4
Javonte Williams,DAL,RB26,81.2,9.3
Jake Ferguson,DAL,TE9,81.6,7.5
Tony Pollard,TEN,RB27,81.8,12.5
David Njoku,CLE,TE10,84.2,13.5
Jayden Reed,GB,WR36,87.2,11.6
Diontae Johnson,,WR37,88.2,7.4
Xavier Worthy,KC,WR38,90,11
Austin Ekeler,WAS,RB28,91,11
Brock Purdy,SF,QB11,91.8,18.6
Brian Robinson Jr.,WAS,RB29,92.6,11.4
Jaylen Warren,PIT,RB30,92.6,8.3
Devin Singletary,NYG,RB31,94.4,6
Zack Moss,CIN,RB32,98,9.1
Rome Odunze,CHI,WR39,98.4,8.5
Jaxon Smith-Njigba,SEA,WR40,99.8,14.9
Tyjae Spears,TEN,RB33,100.2,9.5
Brock Bowers,LV,TE11,100.6,15.5
Nick Chubb,,RB34,100.8,
Jonathon Brooks,CAR,RB35,101.4,2.5
Christian Watson,GB,WR41,102.2,7
Jayden Daniels,WAS,QB12,102.6,21.5
Keon Coleman,BUF,WR42,104.6,8.6
Ladd McConkey,LAC,WR43,105.4,15.1
DeAndre Hopkins,BAL,WR44,107.6,9.2
Justin Tucker,BAL,K1,108.4,8.4
Caleb Williams,CHI,QB13,109,15.3
Dallas Goedert,PHI,TE12,109.6,10.4
Marquise Brown,KC,WR45,110.2,9.1
Jordan Addison,MIN,WR46,110.4,14.2
Chase Brown,CIN,RB36,111.2,15.9
Harrison Butker,KC,K2,112.2,7.7
Courtland Sutton,DEN,WR47,112.4,14.1
Jerome Ford,CLE,RB37,113,9.6
Ezekiel Elliott,,RB38,113.2,
Brandon Aubrey,DAL,K3,113.4,11.3
Gus Edwards,,RB39,113.6,5.8
Tua Tagovailoa,MIA,QB14,115.8,17.1
San Francisco 49ers,DST,DST1,116,3.7
Jared Goff,DET,QB15,116,19.8
Brian Thomas Jr.,JAC,WR48,116.2,16.7
Jameson Williams,DET,WR49,120.2,14.1
Dalton Schultz,HOU,TE13,125.6,7
T.J. Hockenson,MIN,TE14,126.4,8.7
Dallas Cowboys,DST,DST2,128,3.9
Blake Corum,LAR,RB40,128,2.2
Baltimore Ravens,DST,DST3,128.2,5.8
New York Jets,DST,DST4,128.4,3.1
Trevor Lawrence,JAC,QB16,129.4,15.2
Justin Herbert,LAC,QB17,130.8,17
Khalil Shakir,BUF,WR50,132,12.2
Chuba Hubbard,CAR,RB41,132.4,16.1
J.K. Dobbins,,RB42,132.4,14.8
Trey Benson,ARI,RB43,133.6,3.6
Cleveland Browns,DST,DST5,134.6,3.4
Pat Freiermuth,PIT,TE15,135.4,9.9
Aaron Rodgers,,QB18,136.2,15.7
Tyler Lockett,,WR51,139.4,7.1
Younghoe Koo,ATL,K4,140,8.6
Cole Kmet,CHI,TE16,141,7.1
Romeo Doubs,GB,WR52,142,10.2
Kirk Cousins,ATL,QB19,142.6,13.7
Curtis Samuel,BUF,WR53,143.6,4.5
Jakobi Meyers,LV,WR54,143.6,14.5
Jerry Jeudy,CLE,WR55,143.8,14.2
Jake Elliott,PHI,K5,145.4,8.3
Zach Charbonnet,SEA,RB44,147.4,11
Ka'imi Fairbairn,HOU,K6,149,10.1
Evan McPherson,CIN,K7,149.2,7.8
Mike Williams,LAC,WR56,149.8,3.2
Matthew Stafford,LAR,QB20,150.6,13.9
Rico Dowdle,CAR,RB45,150.8,12.4
Joshua Palmer,BUF,WR57,151.4,7.2
Jake Moody,SF,K8,156.6,
Tyler Allgeier,ATL,RB46,156.8,6.2
Pittsburgh Steelers,DST,DST6,158.6,6.2
Kansas City Chiefs,DST,DST7,160,5.1
Ty Chandler,MIN,RB47,160.8,1.9
Adam Thielen,CAR,WR58,161,13.9
Jaleel McLaughlin,DEN,RB48,162,6.1
Deshaun Watson,CLE,QB21,163.8,11.4
Buffalo Bills,DST,DST8,164.8,5.4
Baker Mayfield,TB,QB22,166.6,22.5
Cameron Dicker,LAC,K9,166.8,10.5
Gabe Davis,JAC,WR59,168.8,5.4
Brandin Cooks,NO,WR60,169.2,7
Jaylen Wright,MIA,RB49,169.8,1.8
Luke Musgrave,GB,TE17,169.8,1.6
Adonai Mitchell,IND,WR61,170.6,3.2
Miami Dolphins,DST,DST9,171.6,4.1
Antonio Gibson,NE,RB50,173.8,6.1
Xavier Legette,CAR,WR62,178.6,7.8
Philadelphia Eagles,DST,DST10,178.6,6
Isaiah Likely,BAL,TE18,180.2,7.7
Tyler Conklin,LAC,TE19,182,7.6
Dontayvion Wicks,GB,WR63,182.2,6.5
Darnell Mooney,ATL,WR64,183.2,12.1
Tyler Bass,BUF,K10,183.4,8.6
Houston Texans,DST,DST11,184,6.5
Ja'Lynn Polk,NE,WR65,184.2,2.2
Bo Nix,DEN,QB23,184.6,19.4
Chicago Bears,DST,DST12,187.4,6.7
Rashid Shaheed,N,WR66,187.6,13.3
Bucky Irving,TB,RB51,191,14.4
Khalil Herbert,IND,RB52,192.2,2.4
Geno Smith,LV,QB24,192.4,16.5
New Orleans Saints,DST,DST13,193.8,
Will Levis,TEN,QB25,195.4,11
Jason Myers,SEA,K11,196.4,8.2
Tampa Bay Buccaneers,DST,DST14,197.6,4.7
Jason Sanders,MIA,K12,199.4,9.8
DeMario Douglas,NE,WR67,203,8.7
Seattle Seahawks,DST,DST15,205.6,6.3
Detroit Lions,DST,DST16,206,5.4
Derek Carr,NO,QB26,218,15.6
Zach Ertz,WAS,TE20,224.6,10.4
Cincinnati Bengals,DST,DST17,159.8,
Los Angeles Chargers,DST,DST18,230,5.3
Taysom Hill,N,TE21,164.5,12.9
Greg Zuerlein,NYJ,K13,181.8,
MarShawn Lloyd,GB,RB53,182,2.8
Jordan Mason,MIN,RB54,187.5,9.6
Hunter Henry,NE,TE22,193,9.1
Braelon Allen,NYJ,RB55,198.5,5
Josh Downs,IND,WR68,200.5,13.1
Daniel Carlson,LV,K14,200.8,8.5
Matt,Gay,K15,201,
Cairo Santos,CHI,K16,202,
Chig Okonkwo,TEN,TE23,202.5,6.7
Ray Davis,BUF,RB56,205.5,6.8
Atlanta Falcons,DST,DST19,208.3,3.1
Las Vegas Raiders,DST,DST20,211.8,
Bryce Young,CAR,QB27,216.5,14.6
Tyrone Tracy Jr.,NYG,RB57,217,10.7
Indianapolis Colts,DST,DST21,218.8,
Justin Fields,NYJ,QB28,221,12
Green Bay Packers,DST,DST22,222.3,5.4
Michael Wilson,ARI,WR69,226.3,7.8
Russell Wilson,NYG,QB29,226.3,16.2
Jonnu Smith,MIA,TE24,227.3,13.1
Kenneth Gainwell,PIT,RB58,229.3,3.6
New York Giants,DST,DST23,230.8,
Clyde Edwards-Helaire,NO,RB59,231.5,
Minnesota Vikings,DST,DST24,233.5,6.9
Mike Gesicki,CIN,TE25,236.5,8.3
Sam Darnold,SEA,QB30,249,18.8
Denver Broncos,DST,DST25,191.3,8.2
Cade Otton,TB,TE26,196,10
Jahan Dotson,PHI,WR70,201,
Kimani Vidal,LAC,RB60,207.3,3.3
Dalvin Cook,,RB61,208,
Dawson Knox,BUF,TE27,212.3,3.7
Quentin Johnston,LAC,WR71,212.7,11.6
Jake Bates,DET,K17,214,9.5
Dameon Pierce,HOU,RB62,215,4
Jermaine Burton,CIN,WR72,215.3,1.1
Ben Sinnott,WAS,TE28,215.7,0.8
Roman Wilson,PIT,WR73,215.7,0
Washington Commanders,DST,DST26,217.3,3.3
Will Reichard,MIN,K18,220.3,10.1
New England Patriots,DST,DST27,222.7,3.6
Carson Steele,KC,RB63,225.7,
Drake Maye,NE,QB31,226.7,13.4
Alexander Mattison,MIA,RB64,228.7,9.8
Blake Grupe,NO,K19,231,7.7
Rashod Bateman,BAL,WR74,232,10.3
Luke McCaffrey,WAS,WR75,233.7,2
Marvin Mims Jr.,DEN,WR76,233.7,7.6
Jacksonville Jaguars,DST,DST28,234,
Tank Bigsby,JAC,RB65,235,8.1
Justice Hill,BAL,RB66,236.7,8.5
Cam Little,JAC,K20,236.7,
Wan'Dale Robinson,NYG,WR77,237.3,10.7
Troy Franklin,DEN,WR78,239,4.2
Tennessee Titans,DST,DST29,241,
Roschon Johnson,CHI,RB67,244.3,6
Daniel Jones,IND,QB32,246.7,14.2
Noah Fant,SEA,TE29,248,7.4
Ja'Tavion Sanders,CAR,TE30,249,4.6
Los Angeles Rams,DST,DST30,250.3,5.2
Tyler Boyd,,WR79,250.7,
Jamaal Williams,,RB68,253.7,
Keaton Mitchell,BAL,RB69,254.3,1.7
Audric Estime,DEN,RB70,257,3.7
Colby Parkinson,LAR,TE31,257.7,
Will Shipley,PHI,RB71,258.7,1.2
Greg Dulcich,NYG,TE32,259,0.9
Juwan Johnson,NO,TE33,262.3,7.2
Jalen Tolbert,DAL,WR80,263.7,8.9
Greg Dortch,ARI,WR81,265.3,
Demarcus Robinson,SF,WR82,266.7,7.3
Darius Slayton,NYG,WR83,270,6.9
Samaje Perine,CIN,RB72,271.3,4.8
Michael Mayer,LV,TE34,271.7,3.3
Dustin Hopkins,CLE,K21,159.5,
Kadarius Toney,,WR84,282.7,
Arizona Cardinals,DST,DST31,186.5,3.9
Chris Boswell,PIT,K22,186.5,11.2
Ricky Pearsall,SF,WR85,187.5,8.5
Brenden Rice,LAC,WR86,293.3,
Devontez Walker,BAL,WR87,294.3,1.3
Malachi Corley,NYJ,WR88,199.5,0.7
Michael Penix Jr.,ATL,QB33,302.3,9.4
Eric Gray,NYG,RB73,306,
Jordan Whittington,LAR,WR89,307.7,3.5
Darren Waller,,TE35,213.5,
Dylan Laube,LV,RB74,310,
Brandon McManus,GB,K23,311.3,9
Trey Sermon,,RB75,316,3.2
Odell Beckham Jr.,,WR90,225,
Graham Gano,NYG,K24,227,
Wil Lutz,DEN,K25,230,9.4
Javon Baker,NE,WR91,323.7,0.2
Noah Gray,KC,TE36,239.5,6.7
Kendre Miller,NO,RB76,243.5,4.2
Kyle Juszczyk,SF,RB77,243.5,
JuJu Smith-Schuster,KC,WR92,245.5,
Malik Washington,MIA,WR93,331,3.9
Daniel Bellinger,NYG,TE37,331.7,
Cam Akers,,RB78,334.7,5.8
Gardner Minshew II,KC,QB34,253,
Jonathan Mingo,DAL,WR94,340.3,
Justin Watson,HOU,WR95,264,
Tucker Kraft,GB,TE38,264,9.6
Braxton Berrios,HOU,WR96,267,
Joshua Karty,LAR,K26,269.5,7.9
Miles Sanders,DAL,RB79,270.5,7
Louis Rees-Zammit,JAC,RB80,270.5,
Jalen McMillan,TB,WR97,275.5,10.4
KaVontae Turpin,DAL,WR98,279,6.1
Jauan Jennings,SF,WR99,280,14
Skyy Moore,KC,WR100,280.5,
Jake Bobo,SEA,WR101,281,
Jalin Hyatt,NYG,WR102,282.5,
Hayden Hurst,,TE39,287,
Anders Carlson,NYJ,K27,287.5,
Joey Slye,TEN,K28,288,
Dyami Brown,JAC,WR103,290.5,4.2
Jermar Jefferson,,RB81,290.5,
Kenny Pickett,CLE,QB35,290.5,5.2
Durham Smythe,CHI,TE40,292,
J.J. Taylor,HOU,RB82,293,
Tre Tucker,LV,WR104,293.5,7.6
Aidan O'Connell,LV,QB36,295,10.8
Deuce Vaughn,DAL,RB83,295.5,
Andrei Iosivas,CIN,WR105,298.5,7.1
Elijah Moore,,WR106,301,7.1
D,,,,
Allen Lazard,NYJ,WR107,303,
Darnell Washington,PIT,TE41,305,2.6
Joshua Dobbs,NE,QB37,307,
Tyler Higbee,LAR,TE42,371.7,8.9
Luke Schoonmaker,DAL,TE43,308.5,3.4
Mecole Hardman Jr.,GB,WR108,308.5,
Cade York,,K29,309.5,
Isaac Guerendo,SF,RB85,310,5.9
Cade Stover,HOU,TE44,313.5,2.3
A.T. Perry,DEN,WR109,314,
Zay Jones,ARI,WR110,314.5,
Carson Wentz,,QB38,315.5,
K.J. Osborn,WAS,WR111,315.5,
Joe Flacco,CLE,QB39,317.5,
Connor Heyward,PIT,TE45,320,
Jared Wiley,KC,TE46,320.5,
Brevin Jordan,HU,TE47,326,
Jimmy Garoppolo,LAR,QB40,328.5,
Hendon Hooker,DET,QB41,329.5,
Brock Wright,DET,TE48,331.5,
Chad Ryland,ARI,K30,332,
Zach Wilson,MIA,QB42,332.5,
Theo Johnson,NYG,TE49,333,5.7
Kendrick Bourne,NE,WR112,334,
Equanimeous St. Brown,,WR113,334.5,
Greg Joseph,,K31,334.5,
Josh Reynolds,NYJ,WR114,334.5,
Tommy DeVito,NYG,QB43,343.5,
DeWayne McBride,,RB86,344,
Tyler Scott,CHI,WR115,349,
Tom Brady,,QB44,202,
Brett Maher,,K32,352,
Trey Lance,LAC,QB45,357.5,
Matt Prater,,K33,217,8.3
Cooper Rush,BAL,QB46,359,
Spencer Rattler,NO,QB47,361,
Josh Oliver,MIN,TE50,363,
D.J. Montgomery,IND,WR116,364,
Patrick Taylor Jr.,SF,RB87,364.5,
Elijah Higgins,ARI,TE51,365,2.9
Chris Naggar,,K34,233,
Johnny Wilson,PHI,WR117,367,
Davis Allen,LAR,TE52,367,
Ramiz Ahmed,,K35,435,
Anthony McFarland Jr.,,RB88,463.3,
Mo Alie-Cox,IND,TE53,368.5,
Mason Crosby,,K36,237,
Chase McLaughlin,TB,K37,237,9.6
Michael Wiley,WAS,RB89,238,
DJ Chark Jr.,,WR118,371,
David Moore,CAR,WR119,371,
Nick Folk,,K38,242,
John Metchie III,HOU,WR120,371.5,4.3
Robert Woods,,WR121,373,
Michael Pratt,TB,QB48,522,
Lucas Havrisik,,K39,399,
Tanner Brown,,K40,402.5,
Lucky Jackson,MIN,WR122,379.5,
Tyson Bagent,CHI,QB49,380,
Julio Jones,,WR123,380,
Trace McSorley,,QB50,431,
Jacob Saylors,,RB90,564.5,
Adam Trautman,DEN,TE54,381,
Julian Hill,MIA,TE55,382,
Jaren Hall,SEA,QB51,510.5,
Rasheen Ali,BAL,RB91,382.5,
Rodrigo Blankenship,,K41,265,
Jeff Wilson Jr.,,RB92,384.5,
Cornelius Johnson,GB,WR124,269,
Devin Leary,BAL,QB52,583.5,
Joe Milton III,DAL,QB53,386,19.2
Ronnie Bell,DET,WR125,386,
Ty,,,,
Anthony Jones,,RB94,274,
Tanner Hudson,CIN,TE56,387.5,
Dante Miller,NYG,RB95,536,
K.J. Costello,,QB54,276,
Tejhaun Palmer,ARI,WR126,276,
Bo Melton,GB,WR127,389,
Austin Hooper,NE,TE57,389.5,
Brandon Powell,,WR128,389.5,
Derius Davis,LAC,WR129,520.5,
Christopher Dunn,,K42,279,
Carolina Panthers,DST,DST32,280,
Charlie Taumoepeau,,TE58,280,
Raheem Blackshear,CAR,RB96,410.5,
Cordarrelle Patterson,PIT,RB97,281,
Gerald Everett,,TE59,284,
Dylan McDuffie,,RB98,284,
Nathan Rourke,,QB55,519.5,
SaRodorick Thompson Jr.,,RB99,533.5,
Ainias Smith,PHI,WR130,394,
Cole Fotheringham,,TE60,570.5,
MyCole Pruitt,,TE61,427,
AJ Barner,SEA,TE62,395,4.6
Jon Hilliman,,RB100,290,
Jazz Ferguson,,WR131,291,
Peyton Hendershot,,TE63,396,
Isaiah Williams,CIN,WR132,413,
Jalen Virgil,BUF,WR133,292,
Josh Lambo,,K43,293,
Matt Barkley,,QB56,294,
Jhamon Ausbon,,WR134,294,
Patrick Ricard,BAL,RB101,397.5,
James White,,RB102,296,
Ethan Fernea,,WR135,297,
Grant Calcaterra,PHI,TE64,414,
Eddy Pineiro,,K44,298,6.3
Van Jefferson,TEN,WR136,299,
Trenton Irwin,,WR137,400,
Britain Covey,,WR138,415.5,
Eric Tomlinson,,TE65,550,
J.D. McKissic,,RB103,301,
C.J. Ham,MIN,RB104,401,
Max Duggan,,QB57,581,
Pharaoh Brown,MIA,TE66,402,
Skylar Thompson,PIT,QB58,505.5,
Kalif Raymond,DET,WR139,304,
Corey Clement,,RB105,305,
Chris Conley,,WR140,403.5,
Peter LeBlanc,,WR141,310,
DeeJay Dallas,ARI,RB106,409.5,
Derek Watt,,RB107,311,
Michael Gallup,WAS,WR142,311,
Eli Stove,,WR143,312,
Jalen Brooks,DAL,WR144,428.5,
Caleb Huntley,,RB108,313,
Johnny Mundt,JAC,TE67,407.5,
Clayton Thorson,,QB59,316,
Tim Patrick,DET,WR145,319,5.8
Andy Dalton,CAR,QB60,410,
Kyle Allen,DET,QB61,410,
Cole McDonald,,QB62,321,
Mac Jones,SF,QB63,418.5,10.4
Malik Heath,GB,WR146,412,
Malcolm Brown,,RB109,324,
Brandon Allen,TEN,QB64,413,
Sione Vaki,DET,RB110,442.5,
Calvin Austin III,PIT,WR147,326,7
Robbie Gould,,K45,327,
Alec Pierce,IND,WR148,414.5,10.1
Armani Rogers,BUF,TE68,522.5,
Dylan Drummond,ATL,WR149,608.5,
Anthony Brown Jr.,,QB65,432,
Xavier Weaver,ARI,WR150,474.5,
Nelson Agholor,,WR151,332,
Josh Johnson,WAS,QB66,446.5,
Jacoby Brissett,ARI,QB67,333,
Leonard Fournette,,RB111,334,
Will Mallory,IND,TE69,417.5,
Donovan Peoples-Jones,,WR152,336,
Colson Yankoff,WAS,TE70,418.5,
Charlie Jones,CIN,WR153,439.5,
Mack Hollins,NE,WR154,419,5.8
Stetson Bennett,LAR,QB68,546.5,
Josh Gordon,,WR155,338,
Jordan Akins,,TE71,420,
Jameis Winston,NYG,QB69,421,11.9
Malik Willis,GB,QB70,521,
Riley Patterson,,K46,422,
Treylon Burks,TEN,WR156,347,
Keaontay Ingram,KC,RB112,349,
Sean Clifford,GB,QB71,550.5,
Matt Ryan,,QB72,350,
Byron Pringle,,WR157,580,
Ty Johnson,BUF,RB113,354,5.4
Marcedes Lewis,,TE72,428,
Craig Reynolds,DET,RB114,356,
Drew Ogletree,IND,TE73,441,
Jalen Nailor,MIN,WR158,443,6.1
Drew Sample,CIN,TE74,486,
Sam Howell,SEA,QB73,361,
Travis Homer,CHI,RB115,485.5,
Velus Jones Jr.,NO,WR159,442.5,
Jakob Johnson,HOU,RB116,364,
Ryan Flournoy,DAL,WR160,462.5,
Henry Pearson,,RB117,367,
Jake Tonges,SF,TE75,532,
Tutu Atwell,LAR,WR161,370,5.8
Shane Zylstra,DET,TE76,372,
Chris Blair,ATL,WR162,605.5,
Nick Sciba,,K47,373,
Alec Ingold,MIA,RB118,374,
Justyn Ross,KC,WR163,375,
Jake Funk,,RB119,445.5,
Khari Blasingame,,RB120,379,
Kenny McIntosh,SEA,RB121,379,
Emanuel Wilson,GB,RB122,380,5.6
Ameer Abdullah,,RB123,381,7.8
Dante Pettis,NO,WR164,594.5,
Davis Mills,HOU,QB74,528.5,
Nick Foles,,QB75,384,
James Turner,,K48,385,
Tucker Fisk,LAC,TE77,565,
Jarrett Stidham,DEN,QB76,386,
Albert Okwuegbunam Jr.,IND,TE78,514.5,
Frank Gore Jr.,BUF,RB124,387,
Jordan Travis,NYJ,QB77,556,
Justin Jackson,,RB125,388,
Brayden Narveson,,K49,388,
Matthew Wright,CAR,K50,389,
Hunter Long,JAC,TE79,534.5,
Trishton Jackson,ARI,WR165,448.5,
Steven Sims Jr.,SEA,WR166,391,
Hunter Renfrow,,WR167,392,
Bailey Zappe,KC,QB78,462,
Jamari Thrash,CLE,WR168,476.5,
Kevin Harris,,RB126,397,
Scotty Miller,PIT,WR169,509.5,
Israel Abanikanda,SF,RB127,401,
Ben DiNucci,NO,QB79,520.5,
Trey Palmer,TB,WR170,402,
Kayshon Boutte,NE,WR171,580.5,8.3
Deneric Prince,,RB128,403,
Blake Watson,DEN,RB129,562.5,
River Cracraft,SEA,WR172,494.5,
Ryan Succop,,K51,406,
Charlie Smyth,NO,K52,406,
Xavier Hutchinson,HOU,WR173,580.5,
Rodney Williams,,TE80,577,
Kareem Hunt,KC,RB130,409,12
Mitchell Trubisky,BUF,QB80,455.5,
British Brooks,HOU,RB131,573,
Matthew Slater,,WR174,411,
Dare Ogunbowale,HOU,RB132,412,
Ray-Ray McCloud III,ATL,WR175,413,8.3
Princeton Fant,DAL,TE81,484,
Parris Campbell,DAL,WR176,415,
James Robinson,,RB133,532,
Jake Browning,CIN,QB81,416,
Tylan Wallace,BAL,WR177,464.5,
Josh Pederson,,TE82,418,
Kylen Granson,PHI,TE83,419,
Carson Strong,,QB82,420,
Mark Ingram,II,RB134,421,
David Bell,CLE,WR178,422,
A.J. Green,,WR179,423,
Cody Schrader,LAR,RB135,462,
Ben Sims,GB,TE84,651.5,
Parker Washington,JAC,WR180,425,5.7
Brady Russell,SEA,TE85,599,
Emari Demercado,ARI,RB136,430,
Hunter Luepke,DAL,RB137,602,
Jimmy Graham,,TE86,431,
Marquez Valdes-Scantling,SEA,WR181,466,6
Zach Pascal,NYG,WR182,506.5,
Teddy Bridgewater,,QB83,434,
Ryan Tannehill,,QB84,435,
Brenton Strange,JAC,TE87,491.5,5.4
Jha'Quan Jackson,TEN,WR183,667.5,
Noah Brown,WAS,WR184,438,7.8
Tanner McKee,PHI,QB85,599.5,
Isaiah McKenzie,,WR185,470.5,
Parker Hesse,,TE88,534,
Melvin Gordon,III,RB138,441,
Tyreik McAllister,LV,RB139,490,
Rex Burkhead,,RB140,443,
Drew Lock,SEA,QB86,444,
Eric Saubert,SEA,TE89,510.5,
Donald Parham Jr.,PIT,TE90,445,
Caleb Shudak,,K53,445,
Jeremy Ruckert,NYJ,TE91,473,
Zack Kuntz,NYJ,TE92,603,
Lil'Jordan Humphrey,NYG,WR186,447,
KJ Hamler,BUF,WR187,447,
Deonte Harty,,WR188,537.5,
Bub Means,NO,WR189,449,
Quez Watkins,ARI,WR190,450,
Trent Taylor,SF,WR191,515,
Dez Fitzpatrick,LAC,WR192,452,
Kene Nwangwu,NYJ,RB141,453,
Nathan Peterman,,QB87,515.5,
Michael Carter,ARI,RB142,454,
Lucas Krull,DEN,TE93,496.5,
Terrell Bynum,,WR193,674,
Malik Davis,DAL,RB143,459,
Ellis Merriweather,GB,RB144,623,
Jerick McKinnon,,RB145,460,
Samson Nacua,,WR194,460,
Ronnie Rivers,LAR,RB146,461,
Randy Bullock,,K54,462,
Cedric Tillman,CLE,WR195,462,7.3
Zach Evans,NYJ,RB147,463,
Charlie Woerner,ATL,TE94,560.5,
Chris Rodriguez Jr.,WAS,RB148,464,3.9
James McCourt,,K55,464,
Gunner Olszewski,,WR196,548,
E.J. Jenkins,PHI,TE95,466,
John Stephens Jr.,DAL,WR197,620.5,
Xavier Gipson,NYJ,WR198,467,
Antoine Green,DET,WR199,609,
Chris Brooks,GB,RB149,468,3.2
Jaheim Bell,NE,TE96,484.5,
Ian Thomas,LV,TE97,529.5,
Sean Tucker,TB,RB150,469,4
Devaughn Vele,DEN,WR200,631,8.2
Jonathan Garibay,,K56,470,
Bryce Perkins,,QB88,471,
Jase McClellan,ATL,RB151,471,
Jacob Harris,,TE98,575,
Kameron Johnson,TB,WR201,473,
DeAndre Carter,CLE,WR202,636.5,
Tyrod Taylor,NYJ,QB89,475,
Xazavian Valladay,NO,RB152,674.5,
Austin Seibert,,K57,545,
Brandon Bolden,,RB153,477,
Ashton Dulin,IND,WR203,477,
Damien Harris,,RB154,478,
Devin Culp,TB,TE99,478,
DeVante Parker,,WR204,479,
Marcus Mariota,WAS,QB90,480,15.3
Reggie Gilliam,BUF,RB155,571.5,
C.J. Uzomah,,TE100,481,
Sterling Shepard,TB,WR205,482,
John Bates,WAS,TE101,500.5,
Chris Oladokun,KC,QB91,597,
Eno Benjamin,,RB156,484,
Luke Farrell,SF,TE102,580.5,
P.J. Walker,,QB92,487,
Charlie Kolar,BAL,TE103,591,
Matt Breida,,RB157,488,
Laviska Shenault Jr.,BUF,WR206,569,
Rashard Higgins,,WR207,490,
Royce Freeman,,RB158,491,
Chris Moore,WAS,WR208,531.5,
Mason Rudolph,PIT,QB93,541.5,
Cedrick Wilson Jr.,NO,WR209,494,
Bryce Ford-Wheaton,NYG,WR210,679,
Joe Reed,,WR211,495,
Will Dissly,LAC,TE104,496,7.3
Boston Scott,,RB159,497,
Joshua Kelley,,RB160,576.5,
Trent Sherfield Sr.,DEN,WR212,498,
Matt Ammendola,,K58,498,
Foster Moreau,NO,TE105,499,
Desmond Ridder,,QB94,596,
Michael Thomas,,WR213,500,
Trayveon Williams,,RB161,500,
Andrew Beck,NYJ,TE106,501,
Irv Smith Jr.,,TE107,502,
Olamide Zaccheaus,CHI,WR214,503,6.6
Devin Duvernay,CHI,WR215,505,
Harrison Bryant,PHI,TE108,506,
Salvon Ahmed,IND,RB162,508,
Nick Westbrook-Ikhine,MIA,WR216,510,8
Tim Jones,MIN,WR217,511,
Kenny Yeboah,DET,TE109,512,
Tommy Tremble,CAR,TE110,514,
Tre' McKitty,CLE,TE111,517,
Dee Eskridge,MIA,WR218,518,
Jacob Cowing,SF,WR219,520,0.7
Jack Stoll,NO,TE112,521,
John FitzPatrick,GB,TE113,522,
James Mitchell,CAR,TE114,524,
Tyler Goodson,IND,RB163,525,
Pierre Strong Jr.,CLE,RB164,529,
Dareke Young,SEA,WR220,533,
Harrison Mevis,,K59,536,
Brandon Johnson,PIT,WR221,537,
Parker Romo,NE,K60,540,
Dorian Thompson-Robinson,PHI,QB95,544,
Josh Whyle,TEN,TE115,546,
Cameron Latu,PHI,TE116,549,
Payne Durham,TB,TE117,550,
Spencer Shrader,IND,K61,552,
Duece Watts,,WR222,553,
Hassan Hall,,RB165,554,
Jack Podlesny,,K62,556,
Jack Colletto,,RB166,557,
Allen Robinson,II,WR223,562,
Martavis Bryant,,WR224,563,
Logan Thomas,,TE118,564,
Sam Hartman,WAS,QB96,565,
Jamison Crowder,,WR225,567,
Phillip Dorsett II,ATL,WR226,568,
Chris Manhertz,NYG,TE119,569,
Michael Burton,DEN,RB167,570,
Taylor Heinicke,LAC,QB97,571,
Jeff Driskel,,QB98,573,
Robbie Chosen,,WR227,574,
C.J. Beathard,,QB99,575,
John Ross,,WR228,576,
Tarik Cohen,,RB168,580,
Anthony Firkser,KC,TE120,582,
Nick Mullens,JAC,QB100,583,
Robert Tonyan,KC,TE121,584,
Daurice Fountain,,WR229,586,
Nyheim Hines,,RB169,588,
Godwin Igwebuike,,RB170,589,
James Washington,,WR230,592,
David Wells,,TE122,593,
Mike White,BUF,QB101,594,
Logan Woodside,CIN,QB102,595,
Russell Gage Jr.,SF,WR231,596,
Mike Boone,,RB171,597,
KhaDarel Hodge,ATL,WR232,598,
John Wolford,JAC,QB103,599,
Myles Gaskin,,RB172,600,
Jarveon Howard,,RB173,601,
Riley Sharp,,TE123,602,
Chris Collier,LV,RB174,604,
Tyree Jackson,WAS,TE124,605,
TaMerik Williams,,RB175,606,
Zach Gentry,,TE125,608,
N,,,,
Jason Bean,IND,QB104,611,
Brett Rypien,,QB105,612,
Austin Reed,CHI,QB106,615,
Easton Stick,,QB107,616,
Dee Williams,NYG,WR234,617,
Nathaniel Peat,,RB176,620,
Tyron Billy-Johnson,,WR235,621,
Alex Hale,GB,K63,622,
Davion Davis,,WR236,623,
Elijah Collins,,RB177,624,
Stephen Carlson,CHI,TE126,625,
Casey Bauman,,QB108,626,
John Rhys Plumlee,SEA,QB109,629,
D,,,,
Derrick Gore,,RB179,632,
Tyler Huntley,,QB110,633,
Jake Fromm,DET,QB111,634,
Isaiah Hodgins,SF,WR237,635,
Jacques Patrick,,RB180,637,
Jude McAtamney,NYG,K64,638,
Mitchell Wilcox,,TE127,639,
Sean McKeon,IND,TE128,641,
Tyrie Cleveland,,WR238,642,
Josiah Deguara,,TE129,644,
Darrynton Evans,BUF,RB181,645,
Tip Reiman,ARI,TE130,646,
Collin Johnson,,WR239,648,
Easop Winston Jr.,NYJ,WR240,651,
Denzel Mims,,WR241,652,
La,,,,
Jonathan Ward,PIT,RB183,654,
JaMycal Hasty,,RB184,657,
Tyler Mabry,,TE131,659,
Freddie Swain,,WR242,660,
Ke,,,,
Marquez Callaway,TB,WR243,662,
Kristian Wilkerson,LV,WR244,664,
Lawrence Cager,WAS,WR245,665,
Spencer Brown,,RB186,666,
Deon Jackson,,RB187,667,
DJ Turner,,WR246,668,
Mathew Sexton,,WR247,669,
Sammis Reyes,,TE132,670,
Avery Williams,PHI,RB188,671,
Terrace Marshall Jr.,PHI,WR248,672,
Simi Fehoko,ARI,WR249,673,
Sam Ehlinger,DEN,QB112,675,
Cornell Powell,,WR250,677,
Ben Skowronek,PIT,WR251,679,
Zach Davidson,BUF,TE133,681,
Ihmir Smith-Marsette,NYG,WR252,682,
Kawaan Baker,,WR253,683,
Ian Book,,QB113,684,
Kyle Trask,,QB114,685,
Quintin Morris,,TE134,686,
Adam Prentice,,RB189,687,
Austin Watkins Jr.,,WR254,688,
Jaret Patterson,LAC,RB190,689,
Michael Bandy,DEN,WR255,690,
Dayton Wade,BAL,WR256,691,
Mike Rigerman,,TE135,692,
Tyler Badie,DEN,RB191,694,
Michael Woods II,CLE,WR257,697,
Montrell Washington,NYG,WR258,698,
Samori Toure,CHI,WR259,699,
Hassan Haskins,LAC,RB192,700,
Emani Bailey,CAR,RB193,702,
Snoop Conner,,RB194,703,
Kobe Lewis,,RB195,704,
Isaiah Wooden,,WR260,705,
Brittain Brown,,RB196,706,
Erik Ezukanma,MIA,WR261,707,
Tyquan Thornton,KC,WR262,709,
Baylor Cupp,KC,TE136,710,
Ahmarean Brown,,WR263,712,
Isaiah Spiller,LV,RB197,713,
Tyrion Davis-Price,PHI,RB198,714,
Danny Gray,PHI,WR264,715,
Jack Plummer,CAR,QB115,718,
Ricky Person Jr.,,RB199,719,
Thomas Yassmin,DEN,TE137,720,
Kyric McGowan,,WR265,721,
Phillip Brooks,,WR266,723,
George Holani,SEA,RB200,724,
Aaron Shampklin,PIT,RB201,726,
David Martin-Robinson,TEN,TE138,727,
Jacob Warren,,TE139,728,
Julius Chestnut,TEN,RB202,729,
Thomas Odukoya,TEN,TE140,730,
Terique Owens,SF,WR267,731,
Johnny Johnson III,HOU,WR268,732,
Trey Knox,,TE141,733,
Austin Jones,,RB203,734,
Carter Bradley,LV,QB116,735,
Sincere McCormick,LV,RB204,737,6.8
Tanner Conner,MIA,TE142,738,
Braylon Sanders,,WR269,739,
Jashaun Corbin,,RB205,740,
Kedon Slovis,HOU,QB117,741,
Chris Pierce Jr.,,TE143,742,
Tay Martin,TEN,WR270,743,
Deven Thompkins,,WR271,744,
Daylen Baldwin,,WR272,747,
Maurice Alexander,CHI,WR273,748,
Josh,Ali,WR274,749,
Justin Shorter,LV,WR275,750,
Lew Nichols III,PHI,RB206,753,
Xavier Smith,LAR,WR276,757,
Clayton Tune,ARI,QB118,762,
Brayden Willis,SF,TE144,764,
Travis Vokolek,ARI,TE145,765,
Thyrick Pitts,,WR277,766,
Isaiah Davis,NYJ,RB207,767,3.3
Jason Brownlee,KC,WR278,768,
Nikko Remigio,KC,WR279,770,
Carlos Washington Jr.,ATL,RB208,771,
Jordan Mims,NO,RB209,772,
Shedrick Jackson,LV,WR280,773,
Nate Adkins,DEN,TE146,776,
Adrian Martinez,NYJ,QB119,777,
Jared Wayne,HOU,WR281,778,
Elijah Cooks,PHI,WR282,779,
Isaiah Winstead,,WR283,782,
Tre,,,,
Elijah Dotson,ATL,RB210,784,
Rakim Jarrett,TB,WR285,785,
Kazmeir Allen,WAS,WR286,786,
Jordan Murray,CHI,TE147,788,
Joel Wilson,CHI,TE148,789,
Casey Washington,ATL,WR287,790,
Erick All Jr.,CIN,TE149,791,
Tanner McLachlan,CIN,TE150,792,
Jawhar Jordan,HOU,RB211,795,
Keilan Robinson,JAC,RB212,796,
Jordan Matthews,CAR,TE151,798,
Laquon Treadwell,IND,WR288,801,
Nick Vannett,,TE152,802,
Nate Sudfeld,,QB120,803,
Dwayne Washington,,RB213,804,
Jeremy McNichols,WAS,RB214,805,
John Kelly Jr.,,RB215,806,
Anthony Miller,BAL,WR289,807,
Jordan Thomas,,TE153,811,
Nick Bawden,,RB216,812,
Deontay Burnett,,WR290,813,
Deon Cain,,WR291,814,
Ross Dwelley,,TE154,815,
Cam Sims,,WR292,816,
Luis Perez,,QB121,817,
Alex McGough,,QB122,818,
Tim Boyle,TEN,QB123,819,
Keith Kirkwood,BAL,WR293,820,
Kevin Rader,,TE155,821,
Devon Garrison,,TE156,822,
Patrick Laird,,RB217,823,
Alex Bachman,LV,WR294,824,
Tom Kennedy,DET,WR295,825,
Marcus Simms,,WR296,826,
James Proche II,TEN,WR297,827,
Jake Luton,,QB124,828,
Andre Baccellia,ARI,WR298,829,
Cody White,SEA,WR299,830,
Dan Chisena,CAR,WR300,831,
Tony Jones Jr.,,RB218,833,
Austin Mack,,WR301,834,
Jalen Reagor,LAC,WR302,835,
Noah Togiai,,TE157,836,
Tommy Hudson,,TE158,837,
Mason Kinsey,TEN,WR303,838,
Tarik Black,MIA,WR304,840,
Michael Strachan,WAS,WR305,841,
Ben Mason,,RB219,842,
Shi Smith,,WR306,843,
Demetric Felton Jr.,WAS,RB220,844,
Seth Williams,DAL,WR307,846,
Racey McMath,,WR308,847,
Jalen Camp,,WR309,848,
Gerrid Doaks,,RB221,849,
Kellen Mond,,QB125,850,
Gary Brightwell,CIN,RB222,851,
Hunter Kampmoyer,,TE159,852,
Jaelon Darden,,WR310,853,
Stone Smartt,NYJ,TE160,855,2.3
Grant DuBose,,WR311,856,
Colton Dowell,TEN,WR312,857,
Evan Hull,PIT,RB223,858,
Dresser Winn,,QB126,859,
Jake Haener,NO,QB127,860,
Sean Ryan,,WR313,862,
Zavier Scott,MIN,WR314,863,
T.J. Luther,CAR,WR315,865,
Joseph Ngata,,WR316,866,
Ty Scott,,WR317,867,
Jalen Wayne,,WR318,868,
Jalen Cropper,DAL,WR319,870,
David Durden,,WR320,871,
Mohamed Ibrahim,,RB224,873,
Jaray Jenkins,,WR321,875,
Daniel Arias,,WR322,876,
Blake Whiteheart,CLE,TE161,877,
Daewood Davis,,WR323,878,
Thayer Thomas,MIN,WR324,880,
Malik Knowles,,WR325,881,
Cephus Johnson,III,WR326,882,
Shaquan Davis,,WR327,883,
Matt Landers,,WR328,884,
Griffin Hebert,,TE162,885,
Tyrell Shavers,BUF,WR329,886,
Bryan Thompson,,WR330,887,
Kearis Jackson,,WR331,889,
Jacob Copeland,,WR332,890,
Izaiah Gathings,,TE163,891,
Tanner Taula,TB,TE164,893,
Ryan Miller,TB,WR333,894,
Mitchell Tinsley,CIN,WR334,895,
La,,,,
Anthony Gould,IND,WR335,899,
Patrick Murtagh,,TE166,900,